City,Cloudiness,Country,Date,Humidity,Lat,Lng,Max Temp,Wind Speed
Gravdal,75,NO,1554275106,70,59.79,5.78,46.4,17.22
Half Moon Bay,90,US,1554275207,82,37.46,-122.43,57.2,4.7
Kruisfontein,56,ZA,1554275213,77,-34.0,24.73,60.37520000000002,11.45
Encruzilhada do Sul,48,BR,1554274958,94,-30.54,-52.52,66.85520000000005,5.08
Verkhnyaya Inta,80,RU,1554275213,68,65.99,60.32,30.22520000000002,9.89
Castro,75,CL,1554271200,100,-42.48,-73.76,41.0,2.39
Olinda,75,EC,1554275149,83,-2.03,-79.75,78.00800000000001,4.7
Port Augusta,0,AU,1554274800,23,-32.49,137.76,87.00800000000001,12.75
Solon,1,US,1554274915,45,41.39,-81.44,46.99400000000007,10.29
Mehamn,75,NO,1554270600,80,71.03,27.85,32.0,12.75
Severo-Kurilsk,88,RU,1554275215,92,50.68,156.12,33.7352,11.01
Port Elizabeth,1,US,1554275206,80,39.31,-74.98,42.998000000000026,8.05
Cape Town,0,ZA,1554274990,63,-33.93,18.42,69.00800000000001,3.36
Svetlogorsk,90,RU,1554273000,91,53.14,59.15,33.8,20.13
Taoudenni,8,ML,1554275215,64,22.68,-3.98,67.39520000000007,2.95
Bluff,0,AU,1554275215,36,-23.58,149.07,87.19520000000009,12.01
Jamestown,8,AU,1554275216,32,-33.21,138.6,79.99520000000008,4.41
Balsas,20,BR,1554275216,95,-7.53,-46.04,70.00520000000006,2.95
Mataura,0,NZ,1554274808,74,-46.19,168.86,55.004000000000055,2.84
Mahebourg,40,MU,1554274745,66,-20.41,57.7,86.0,4.7
Constantine,75,DZ,1554273000,93,36.36,6.61,51.8,3.36
Tuktoyaktuk,48,CA,1554275217,77,69.44,-133.03,-0.1947999999999439,12.68
Vardo,1,US,1554275158,82,39.62,-77.74,37.004000000000055,5.82
Atuona,0,PF,1554275217,97,-9.8,-139.03,83.14520000000007,12.68
Sur,0,OM,1554275217,72,22.57,59.53,84.76520000000004,6.87
Narsaq,80,GL,1554270600,86,60.91,-46.05,28.4,17.22
Cidreira,0,BR,1554275218,89,-30.17,-50.22,70.09520000000008,3.18
Ushuaia,40,AR,1554271200,93,-54.81,-68.31,39.2,3.36
Butaritari,88,KI,1554275218,100,3.07,172.79,79.27520000000001,11.56
Avera,1,US,1554274848,68,33.19,-82.53,46.99400000000007,5.08
Shirokiy,0,RU,1554275219,88,53.87,39.17,31.575200000000017,11.45
Punta Arenas,75,CL,1554274950,86,-53.16,-70.91,41.0,21.92
Georgetown,0,GY,1554271200,94,6.8,-58.16,71.6,4.7
Dakar,0,SN,1554273000,82,14.69,-17.45,68.0,21.92
Plouzane,88,FR,1554274924,86,48.38,-4.62,41.0,4.7
Provideniya,8,RU,1554275220,94,64.42,-173.23,27.165200000000038,12.91
Hammerfest,75,NO,1554272400,86,70.66,23.68,32.0,9.17
Huarmey,80,PE,1554275221,92,-10.07,-78.15,66.85520000000005,2.73
Busselton,0,AU,1554275128,31,-33.64,115.35,82.99400000000007,2.62
Canto do Buriti,12,BR,1554275221,88,-8.11,-42.94,70.6352,2.62
Saint-Philippe,75,CA,1554275184,41,45.36,-73.48,41.0,9.17
Linkoping,0,SE,1554274933,86,58.41,15.62,41.0,6.93
Rikitea,48,PF,1554275222,100,-23.12,-134.97,75.40520000000006,18.5
Ramat Yishay,0,IL,1554274900,76,32.7,35.18,64.00400000000005,3.36
Marystown,0,CA,1554274868,100,47.17,-55.16,28.994000000000074,11.34
Yellowknife,5,CA,1554274928,70,62.45,-114.38,-0.003999999999948045,4.7
Hobart,0,AU,1554274935,29,-42.88,147.33,62.6,17.22
Ponta do Sol,12,BR,1554275223,91,-20.63,-46.0,63.25520000000006,4.85
Albany,1,US,1554275042,69,42.65,-73.75,39.992,6.93
Omboue,76,GA,1554275012,100,-1.57,9.26,81.8852,5.86
Bataipora,100,BR,1554275224,89,-22.3,-53.27,73.3352,3.06
Pitimbu,20,BR,1554271200,94,-7.47,-34.81,77.0,4.7
Deer Lake,20,CA,1554271200,73,49.18,-57.43,26.6,5.82
Warmbad,0,DE,1554275224,87,50.67,13.08,53.00600000000003,4.7
Batemans Bay,68,AU,1554275024,74,-35.71,150.18,71.99600000000005,3.4
Faanui,0,PF,1554275225,98,-16.48,-151.75,85.39520000000007,11.34
Pevek,0,RU,1554275226,65,69.7,170.27,24.46520000000004,8.66
Holme,75,GB,1554275223,93,53.7,-2.31,39.992,12.75
New Norfolk,0,AU,1554275175,29,-42.78,147.06,60.8,17.22
Geraldton,90,CA,1554271200,53,49.72,-86.95,24.8,17.22
Mali,92,CN,1554275227,95,27.53,102.2,47.2352,1.83
Ellisras,88,ZA,1554275013,74,-23.67,27.74,67.21520000000004,9.1
Sabang,68,PH,1554275227,75,13.72,123.58,83.77520000000001,7.09
Alice Springs,0,AU,1554273000,11,-23.7,133.88,86.0,14.99
Cabo San Lucas,5,MX,1554275110,33,22.89,-109.91,71.6,6.93
Heide,75,DE,1554275149,93,54.19,9.09,48.992,1.12
Ilulissat,88,GL,1554270600,59,69.22,-51.1,35.6,16.11
Perth,75,GB,1554275165,74,56.4,-3.43,41.0,11.41
Tura,12,IN,1554275229,73,25.52,90.21,76.9352,5.97
Bambous Virieux,40,MU,1554275044,66,-20.34,57.76,86.0,4.7
Upernavik,92,GL,1554275230,100,72.79,-56.15,13.665200000000038,14.81
Yar-Sale,8,RU,1554275230,88,66.83,70.83,24.10520000000006,16.04
General Roca,0,AR,1554271200,54,-39.03,-67.58,57.2,1.12
Mackay,1,CA,1554271200,66,53.65,-115.58,32.0,5.82
Dabakala,88,CI,1554275231,97,8.36,-4.43,71.35520000000005,4.97
Victoria,75,BN,1554273000,62,5.28,115.24,89.6,6.93
East London,0,ZA,1554272940,77,-33.02,27.91,68.0,10.29
Husavik,80,CA,1554275125,84,50.56,-96.99,23.0,4.74
Hermanus,44,ZA,1554274855,71,-34.42,19.24,66.99199999999999,7.0
Russell,0,AR,1554271200,43,-33.01,-68.8,71.6,5.82
Dingzhou,0,CN,1554271200,21,38.51,115.0,69.8,13.42
Berdigestyakh,92,RU,1554275233,77,62.1,126.7,33.555200000000056,3.74
Kidal,0,ML,1554275233,17,18.44,1.41,76.39520000000007,12.91
Ixtapa,75,MX,1554275105,88,20.71,-105.21,75.2,2.17
Olds,40,CA,1554275115,82,51.79,-114.11,32.0,11.41
Riyadh,0,SA,1554271200,28,24.63,46.72,71.6,8.05
Verdun,88,FR,1554275224,93,49.16,5.39,44.00600000000003,4.7
Verkhoyansk,24,RU,1554275234,66,67.55,133.39,23.115200000000037,4.63
Susanville,75,US,1554275233,75,40.42,-120.65,44.6,6.93
Arraial do Cabo,24,BR,1554275234,99,-22.97,-42.02,74.77520000000001,7.31
Bredasdorp,0,ZA,1554274815,93,-34.53,20.04,66.00200000000008,3.36
Port Alfred,36,ZA,1554275154,83,-33.59,26.89,68.0,5.01
Esperance,75,TT,1554275107,94,10.24,-61.45,75.2,7.99
Thompson,40,CA,1554273000,77,55.74,-97.86,3.1999999999999993,6.93
Hasaki,20,JP,1554274478,25,35.73,140.83,55.004000000000055,19.46
Sorong,56,ID,1554275236,93,-0.86,131.25,85.39520000000007,9.1
High Rock,0,BS,1554275236,100,26.63,-78.28,72.07520000000002,1.95
Qaanaaq,0,GL,1554275236,74,77.48,-69.36,-8.114799999999953,9.78
Saskylakh,92,RU,1554275236,98,71.97,114.09,30.04520000000008,4.63
Doka,0,SD,1554275236,19,13.52,35.76,76.12520000000002,6.08
Tiksi,88,RU,1554275237,82,71.64,128.87,27.075200000000017,3.85
Sonoita,1,US,1554275226,25,31.68,-110.66,66.00200000000008,8.88
Norman Wells,75,CA,1554271200,77,65.28,-126.83,5.0,9.17
Mar del Plata,0,AR,1554275184,54,-46.43,-67.52,58.21520000000004,20.85
Banyo,32,CM,1554275237,82,6.75,11.81,63.52520000000002,2.95
Numan,0,NG,1554275238,40,9.46,12.04,77.3852,8.43
Juegang,24,CN,1554275157,51,32.31,121.18,68.0,10.45
Berlevag,75,NO,1554270600,80,70.86,29.09,30.2,9.17
Darya Khan,0,PK,1554275238,41,31.78,71.1,88.00520000000006,1.95
Ancud,75,CL,1554271200,100,-41.87,-73.83,41.0,2.51
Longyearbyen,75,NO,1554272400,78,78.22,15.63,8.600000000000001,4.7
Pimentel,68,BR,1554275239,93,-3.7,-45.5,74.23519999999999,3.74
Sorland,0,NO,1554272400,98,67.67,12.69,39.2,10.29
Termez,40,AF,1554274947,22,37.23,67.28,86.0,2.24
Anderson,1,US,1554274904,80,34.51,-82.65,44.99600000000005,2.51
Chulumani,92,BO,1554274985,98,-16.41,-67.53,51.82520000000002,1.72
Cherskiy,0,RU,1554275240,71,68.75,161.3,29.2352,3.29
Hervey Bay,56,AU,1554275111,54,-25.3,152.85,80.6,21.92
Barrow,0,AR,1554274975,87,-38.31,-60.23,55.15520000000006,7.43
Saint George,75,GR,1554275007,71,39.45,22.34,55.4,2.95
Avarua,0,CK,1554273000,74,-21.21,-159.78,78.8,5.82
Macas,24,EC,1554275241,92,-2.3,-78.12,66.22520000000002,3.18
Zarubino,0,RU,1554275241,56,42.65,131.06,46.87520000000002,8.21
Mutoko,92,ZW,1554275242,86,-17.4,32.23,63.8852,3.85
North Bay,90,CA,1554274926,95,46.31,-79.46,33.008,18.34
Rabat,40,MA,1554274895,93,34.02,-6.83,57.2,1.12
Lata,0,IN,1554275242,60,30.78,78.62,63.61520000000004,1.72
Puerto Ayora,88,EC,1554275242,100,-0.74,-90.35,77.20520000000006,4.63
Gouyave,40,GD,1554271200,83,12.16,-61.73,77.0,11.41
Henties Bay,0,NA,1554274932,89,-22.12,14.28,62.00600000000003,5.01
Kodiak,1,US,1554275236,33,39.95,-94.76,48.00200000000008,5.82
Nara,20,JP,1554274804,60,34.68,135.8,57.00200000000008,8.05
Bathsheba,40,BB,1554271200,78,13.22,-59.52,77.0,23.04
Souillac,76,FR,1554275159,93,45.6,-0.6,41.0,3.36
Kostomuksha,24,RU,1554275244,69,64.59,30.6,32.65520000000006,9.1
Marion,40,US,1554275176,57,35.21,-90.2,50.0,8.66
Palu,88,ID,1554275245,73,-0.9,119.87,74.50520000000006,1.72
San Carlos de Bariloche,0,AR,1554271200,51,-41.13,-71.31,37.4,4.7
Chokurdakh,0,RU,1554275246,84,70.62,147.9,17.175200000000018,7.31
Port Moresby,40,PG,1554271200,70,-9.47,147.16,86.0,9.17
Ballina,75,IE,1554275223,100,54.11,-9.15,37.99400000000007,16.11
Vestmannaeyjar,75,IS,1554272820,74,63.44,-20.27,37.4,21.92
Moree,0,AU,1554274869,25,-29.46,149.84,86.0,9.17
Los Llanos de Aridane,20,ES,1554273000,71,28.66,-17.92,57.2,4.7
Torbay,20,CA,1554275014,92,47.66,-52.73,30.002000000000077,6.93
Burnie,0,AU,1554275209,49,-41.05,145.91,62.00600000000003,17.0
Nikolskoye,0,RU,1554275136,38,59.7,30.79,42.998000000000026,8.95
Caravelas,8,BR,1554275247,99,-17.73,-39.27,80.89520000000007,4.97
Alenquer,0,BR,1554271200,100,-1.95,-54.74,75.2,2.51
Vryburg,0,ZA,1554275248,81,-26.96,24.73,63.52520000000002,17.05
Newtownards,56,GB,1554275106,69,54.59,-5.69,42.998000000000026,11.41
Vila Franca do Campo,75,PT,1554275243,82,37.72,-25.43,55.4,11.41
Talcahuano,0,CL,1554271200,93,-36.72,-73.12,53.6,3.36
Kapaa,90,US,1554275006,69,22.08,-159.32,73.4,13.87
Mareeba,90,AU,1554275168,94,-16.99,145.42,77.0,13.87
Iqaluit,40,CA,1554274925,70,63.75,-68.52,-2.001999999999974,9.17
Moquegua,24,PE,1554275249,86,-17.19,-70.93,54.07520000000002,2.39
Bakchar,32,RU,1554275250,64,57.02,82.07,39.765200000000036,3.85
Tha Chang,32,TH,1554274823,56,14.76,100.39,95.0,4.63
Guerrero Negro,24,MX,1554275250,100,27.97,-114.04,51.10520000000006,5.97
Brownwood,1,US,1554275171,62,31.71,-98.99,55.4,8.05
Qingdao,0,CN,1554271200,14,36.09,120.35,60.8,6.71
Hay River,75,CA,1554272820,78,60.82,-115.79,10.399999999999999,6.2
Komsomolskiy,80,RU,1554275251,94,67.55,63.78,26.535199999999996,21.52
Luderitz,0,NA,1554275251,90,-26.65,15.16,56.2352,8.66
Anloga,40,GH,1554271200,89,5.79,0.9,84.2,9.17
Katobu,92,ID,1554275251,100,-4.94,122.53,74.50520000000006,1.95
Prince Rupert,1,CA,1554271200,70,54.32,-130.32,44.6,6.93
Yanam,20,IN,1554273000,50,16.73,82.22,96.8,13.87
Noumea,90,NC,1554273000,65,-22.28,166.46,82.4,3.36
Hushitai,0,CN,1554273000,16,41.93,123.51,59.0,20.13
Luchegorsk,68,RU,1554275252,24,46.44,134.3,49.39520000000008,7.87
Huangchuan,40,CN,1554275244,72,24.57,102.46,69.00800000000001,4.47
Dillon,90,US,1554274811,64,45.22,-112.64,39.2,6.93
Hamilton,90,BM,1554274853,88,32.3,-64.78,69.8,18.34
Gombong,44,ID,1554275253,87,-7.19,109.31,80.17520000000002,3.06
Bundaberg,24,AU,1554275111,54,-24.87,152.35,80.99600000000005,21.92
Impfondo,0,CD,1554275254,94,1.62,18.06,74.50520000000006,3.06
Boralday,75,KZ,1554273000,54,43.36,76.86,59.0,4.47
Manggar,32,ID,1554275255,100,-2.88,108.27,80.35520000000005,3.62
Haverfordwest,92,GB,1554275108,93,51.8,-4.97,41.0,9.17
Ahipara,92,NZ,1554275255,100,-35.17,173.16,62.35520000000006,7.2
Sulangan,0,PH,1554275255,97,11.14,123.72,83.59520000000008,7.54
Kaitangata,0,NZ,1554275226,75,-46.28,169.85,55.99400000000007,7.0
Kununurra,68,AU,1554273000,21,-15.77,128.74,93.2,5.82
Karadaglije,0,BA,1554273000,66,44.57,18.02,53.6,6.93
Takaungu,75,KE,1554271200,70,-3.68,39.86,87.8,8.05
Belmonte,12,PT,1554275015,94,40.36,-7.35,42.008,3.0
Antas,68,BR,1554275257,95,-10.41,-38.33,71.62520000000002,4.07
Chuy,64,UY,1554275257,95,-33.69,-53.46,69.19520000000009,11.23
Moron,80,VE,1554275257,91,10.49,-68.2,66.40520000000006,4.63
Najran,0,SA,1554271200,25,17.54,44.22,77.0,4.18
North Bend,75,US,1554275122,93,43.41,-124.22,53.99600000000005,4.7
Okha,64,RU,1554275258,97,53.59,142.95,23.47520000000002,14.92
Zelenoborskiy,64,RU,1554275258,72,66.84,32.36,33.555200000000056,8.55
Suez,8,EG,1554275258,64,29.97,32.54,57.5852,1.16
Khatanga,64,RU,1554275259,96,71.98,102.47,20.77520000000002,8.66
Coquimbo,0,CL,1554271200,93,-29.95,-71.34,53.6,3.36
Codrington,40,AU,1554275137,53,-28.95,153.24,77.0,11.41
Hualmay,88,PE,1554275259,96,-11.1,-77.61,66.22520000000002,3.62
Oyama,40,JP,1554275154,23,36.31,139.8,59.0,4.7
Lebu,75,ET,1554271200,59,8.96,38.73,64.4,11.41
Verkhnevilyuysk,0,RU,1554275260,57,63.45,120.31,37.06520000000004,5.64
Beringovskiy,88,RU,1554275260,98,63.05,179.32,27.70520000000006,17.27
San Patricio,44,PY,1554275260,95,-26.98,-56.83,69.91520000000004,2.17
Porto Seguro,40,BR,1554274800,94,-16.44,-39.06,71.6,4.7
Zyryanka,0,RU,1554275261,67,65.73,150.89,27.25520000000006,5.08
Prieska,0,ZA,1554275261,49,-29.67,22.74,66.76520000000004,8.77
Carnarvon,0,ZA,1554275261,28,-30.97,22.13,54.52520000000002,6.31
Yulara,0,AU,1554271200,9,-25.24,130.99,87.8,16.11
Kavaratti,0,IN,1554275261,100,10.57,72.64,83.6852,6.42
Sisimiut,76,GL,1554275262,99,66.94,-53.67,21.585199999999997,3.96
Vaini,0,IN,1554271200,11,15.34,74.49,96.8,5.82
Leningradskiy,24,RU,1554275262,85,69.38,178.42,15.825200000000017,18.84
Tuatapere,0,NZ,1554274808,74,-46.13,167.69,55.004000000000055,2.95
Jati,0,PK,1554275263,38,24.35,68.27,96.19520000000009,7.43
Constitucion,20,MX,1554274815,41,23.99,-104.67,57.992,7.0
Mpulungu,36,ZM,1554275263,92,-8.77,31.12,67.0352,9.66
Havre-Saint-Pierre,20,CA,1554271200,85,50.23,-63.6,23.0,9.17
Barcelos,0,PT,1554274999,81,41.53,-8.62,46.4,5.82
Nantucket,90,US,1554275224,100,41.28,-70.1,44.6,25.28
Tasiilaq,92,GL,1554270600,92,65.61,-37.64,32.0,55.25
Mount Gambier,90,AU,1554274800,87,-37.83,140.78,59.0,12.75
Santa Fe,64,AR,1554275127,81,-31.62,-60.7,75.00200000000008,1.99
Grindavik,0,IS,1554273000,74,63.84,-22.43,35.6,23.04
Viedma,0,AR,1554275265,61,-40.81,-62.99,52.81520000000004,8.43
Palestine,1,US,1554275131,61,31.76,-95.63,51.8,4.7
Lompoc,20,US,1554275222,93,34.64,-120.46,55.4,7.31
Nanortalik,76,GL,1554275266,100,60.14,-45.24,31.125200000000017,29.12
Chihuahua,20,MX,1554275116,25,28.66,-106.08,64.00400000000005,10.67
Babu,92,CN,1554275266,88,23.23,104.89,65.23519999999999,2.73
Nador,0,MA,1554273000,87,35.17,-2.93,55.4,3.36
Cordoba,76,CO,1554275267,84,5.59,-73.79,48.225200000000015,1.5
Salalah,20,OM,1554270600,66,17.01,54.1,84.2,6.93
Wexford,1,US,1554275240,51,40.63,-80.06,39.00200000000008,4.7
Cayenne,90,GF,1554273000,94,4.94,-52.33,75.2,9.44
Yermakovskoye,48,RU,1554275268,58,53.28,92.4,45.975200000000015,5.19
Alofi,100,NU,1554271200,94,-19.06,-169.92,73.4,2.24
Fatehpur,20,PK,1554275268,33,31.18,71.21,94.66520000000004,7.31
Lishui,92,CN,1554275268,99,28.45,119.91,51.555200000000056,2.51
Khandyga,0,RU,1554275268,46,62.65,135.58,32.11520000000004,2.95
Hithadhoo,76,MV,1554275017,100,-0.6,73.08,84.1352,7.2
Onda,0,ES,1554275191,87,39.96,-0.26,57.00200000000008,2.73
Whitianga,0,NZ,1554274810,84,-36.83,175.7,62.00600000000003,15.93
Sulphur Springs,1,US,1554275103,57,33.14,-95.6,51.8,3.36
Necochea,0,AR,1554274691,51,-38.55,-58.74,51.998000000000026,3.0
Tautira,20,PF,1554274946,78,-17.73,-149.15,82.4,5.82
Hilo,90,US,1554275255,73,19.71,-155.08,75.2,10.29
Koumac,92,NC,1554275270,76,-20.56,164.28,80.89520000000007,4.18
Carthage,1,US,1554275222,93,32.16,-94.34,48.2,2.95
Makakilo City,75,US,1554275123,78,21.35,-158.09,75.2,10.29
Zelenoborsk,0,RU,1554275271,61,61.47,64.05,35.9852,6.08
Dongsheng,80,CN,1554275271,80,29.72,112.52,65.32520000000002,5.75
Marshall,1,US,1554275250,80,39.39,-87.69,46.4,3.36
La Asuncion,88,EC,1554275272,98,-1.64,-78.74,47.95520000000006,0.72
Ibotirama,0,BR,1554275146,92,-12.18,-43.22,68.02520000000001,2.73
Portland,90,US,1554275045,93,45.52,-122.67,53.99600000000005,3.36
Ahuimanu,75,US,1554275123,78,21.44,-157.84,75.2,10.29
Port Lincoln,88,AU,1554275155,82,-34.72,135.86,68.29520000000008,16.49
Vanavara,88,RU,1554275273,77,60.35,102.28,33.82520000000002,8.77
Barra Patuca,20,HN,1554275274,85,15.8,-84.28,81.4352,9.66
Harlingen,90,US,1554275129,93,26.19,-97.7,66.2,4.7
Uyuni,92,BO,1554275274,93,-20.46,-66.82,40.66520000000004,2.95
Flin Flon,32,CA,1554275274,60,54.77,-101.88,16.27520000000002,8.1
San Cristobal,75,EC,1554274848,93,-0.39,-78.55,57.2,2.06
Puerto Cabezas,64,NI,1554275275,100,14.04,-83.39,79.09520000000008,13.13
Saquarema,0,BR,1554271200,78,-22.93,-42.51,77.0,3.36
Zaraza,0,VE,1554275275,75,9.35,-65.33,75.85520000000005,11.23
Itarema,56,BR,1554275275,100,-2.92,-39.92,75.40520000000006,2.51
Lufilufi,75,WS,1554274946,83,-13.87,-171.6,82.4,3.36
Gayeri,0,BF,1554275276,29,12.65,0.49,79.81520000000003,7.09
Maldonado,75,UY,1554271200,77,-34.91,-54.96,66.2,17.22
Macau,8,BR,1554275276,92,-5.11,-36.64,74.41520000000004,7.2
Kahului,75,US,1554275020,73,20.89,-156.47,75.2,16.11
Kloulklubed,75,PW,1554274200,78,7.04,134.26,82.4,8.05
San Policarpo,0,PH,1554275277,82,12.18,125.51,82.87520000000002,9.33
Sjenica,36,RS,1554275277,77,43.27,20.0,38.32520000000002,2.17
Lebedinyy,88,RU,1554275037,71,58.52,125.52,32.20520000000006,3.4
Urambo,44,TZ,1554275278,92,-5.07,32.07,68.56520000000003,3.4
Fortuna,0,ES,1554275118,93,38.18,-1.13,60.998000000000026,3.36
Marienburg,0,DE,1554275115,87,52.12,9.98,50.0,4.7
Lorengau,80,PG,1554275279,95,-2.02,147.27,83.59520000000008,12.12
Ostrovnoy,80,RU,1554275279,89,68.05,39.51,30.04520000000008,15.82
Luba,32,PH,1554275279,90,17.32,120.7,81.34520000000008,2.73
Coihaique,0,CL,1554271200,53,-45.58,-72.07,51.8,8.05
Soyaux,88,FR,1554275268,93,45.64,0.19,41.0,16.11
Hovd,0,NO,1554275118,51,63.83,10.7,39.2,12.75
Carutapera,36,BR,1554275206,95,-1.2,-46.02,77.92520000000002,4.97
Dabola,68,GN,1554275280,91,10.74,-11.11,69.64520000000007,2.62
Korop,0,UA,1554275281,61,51.57,32.95,36.975200000000015,4.63
Bouna,68,CI,1554275281,90,9.27,-3.0,73.60520000000005,8.88
Sao Jose da Coroa Grande,56,BR,1554275281,96,-8.9,-35.15,77.8352,1.72
Rawson,0,AR,1554275281,39,-43.3,-65.11,57.1352,10.0
Naryan-Mar,92,RU,1554275281,94,67.67,53.09,30.85520000000006,11.45
Clyde River,90,CA,1554271200,92,70.47,-68.59,5.0,38.03
Airai,88,TL,1554275282,80,-8.93,125.41,75.94520000000009,2.28
Amvrosiyivka,88,UA,1554275282,73,47.79,38.48,38.86520000000004,10.22
Severo-Yeniseyskiy,88,RU,1554275122,62,60.37,93.04,28.425200000000018,11.23
Quarai,12,BR,1554275283,79,-30.39,-56.45,73.3352,5.08
Nishihara,20,JP,1554275154,26,35.74,139.53,59.0,13.87
Khor,0,RU,1554275283,54,47.88,134.96,45.34520000000008,3.18
Saint-Joseph,90,FR,1554275282,93,43.56,6.97,51.998000000000026,2.24
Port Hardy,90,CA,1554271200,66,50.7,-127.42,50.0,3.36
Pouebo,92,NC,1554275284,76,-20.4,164.57,80.89520000000007,4.18
Saldanha,0,PT,1554275284,91,41.42,-6.55,33.7352,5.64
Makow Mazowiecki,0,PL,1554275259,30,52.86,21.1,48.00200000000008,14.99
Sitka,36,US,1554274890,80,37.17,-99.65,42.008,3.0
Harper,40,US,1554275251,71,30.3,-99.24,57.2,8.05
Kharan,76,PK,1554275286,37,28.58,65.42,80.80520000000006,3.29
Ribeira Grande,75,PT,1554273000,71,38.52,-28.7,57.2,5.82
Ambon,0,FR,1554275225,93,47.55,-2.56,42.008,4.7
Stavrovo,0,RU,1554275286,89,56.13,40.01,32.8352,8.21
Turukhansk,88,RU,1554275287,100,65.8,87.96,26.625200000000017,23.87
Vila Velha,40,BR,1554274689,83,-3.71,-38.6,80.6,2.24
Zaozerne,0,UA,1554275287,48,51.37,23.94,38.59520000000008,17.6
Sao Filipe,0,CV,1554275266,99,14.9,-24.5,69.55520000000006,13.91
Talnakh,56,RU,1554275287,96,69.49,88.39,25.1852,4.07
Dudinka,76,RU,1554275288,100,69.41,86.18,22.035199999999996,10.11
Fort Nelson,90,CA,1554271200,85,58.81,-122.69,21.2,10.29
Bishop Auckland,75,GB,1554275284,93,54.66,-1.68,37.004000000000055,11.41
Vao,0,EE,1554275288,72,59.1,26.19,32.74520000000008,8.99
Skjervoy,75,NO,1554272400,100,70.03,20.97,32.0,13.87
Abu Kamal,24,SY,1554275289,67,34.45,40.92,59.02520000000002,4.52
Dikson,24,RU,1554275289,100,73.51,80.55,20.95520000000006,17.83
Laguna,0,MX,1554275290,73,27.52,-110.01,59.92520000000002,2.39
Rapid Valley,75,US,1554275282,74,44.06,-103.15,35.99600000000005,8.05
Klaksvik,75,FO,1554272520,86,62.23,-6.59,33.8,31.09
Zhezkazgan,0,KZ,1554273000,58,47.8,67.71,57.2,20.13
Kavieng,76,PG,1554275291,98,-2.57,150.8,84.94520000000009,11.9
Penzance,40,GB,1554275286,86,50.12,-5.53,42.998000000000026,9.17
Touros,40,BR,1554274800,100,-5.2,-35.46,77.0,4.7
Cam Ranh,20,VN,1554273000,62,11.92,109.15,89.6,13.87
Flinders,0,AU,1554275226,57,-34.58,150.85,78.00800000000001,10.29
Nago,80,IT,1554275289,71,45.88,10.89,57.2,6.93
Big Spring,1,US,1554274836,50,32.25,-101.48,59.0,19.46
Dicabisagan,48,PH,1554275292,100,17.08,122.42,77.74520000000008,2.95
Banjar,56,ID,1554275292,69,-7.37,108.54,84.1352,3.85
Felanitx,75,ES,1554275167,100,39.47,3.15,60.008,8.05
Vanimo,88,PG,1554275293,99,-2.67,141.3,83.23519999999999,10.67
Tiznit,0,MA,1554275076,57,29.7,-9.73,65.77520000000001,18.39
Ambilobe,12,MG,1554275293,100,-13.19,49.05,79.09520000000008,5.08
Chanal,92,FR,1554274903,71,46.22,4.94,51.8,13.87
Retz,24,AT,1554275287,54,48.76,15.95,53.99600000000005,9.17
Dunedin,0,NZ,1554275195,75,-45.87,170.5,55.004000000000055,7.0
Slave Lake,90,CA,1554271200,45,55.28,-114.77,32.0,3.36
Lagoa,0,PT,1554275294,66,37.14,-8.45,55.4,3.36
Bissora,0,GW,1554271200,68,12.22,-15.45,71.6,5.82
Kiruna,0,SE,1554272400,85,67.86,20.23,23.0,9.17
Lixourion,0,GR,1554275000,48,38.2,20.43,62.6,5.82
Nipawin,1,CA,1554271200,72,53.36,-104.02,17.6,3.36
Santana do Livramento,0,BR,1554275295,79,-30.89,-55.53,73.3352,3.4
Paonta Sahib,0,IN,1554273000,35,30.44,77.62,86.0,9.17
Umea,0,SE,1554272400,80,63.83,20.26,35.6,9.17
Grand Gaube,40,MU,1554275044,66,-20.01,57.66,86.0,4.7
Sao Joao da Barra,12,BR,1554275296,100,-21.64,-41.05,78.73519999999999,4.74
Dwarka,0,IN,1554274807,22,28.58,77.04,91.4,5.82
Leeton,12,AU,1554271200,25,-34.55,146.4,84.2,4.7
Loandjili,40,CG,1554271200,100,-4.77,11.87,75.2,5.82
Praia,0,BR,1554271200,82,-20.25,-43.81,68.0,3.36
Byron Bay,90,AU,1554274839,83,-28.65,153.62,77.0,12.75
Boca do Acre,20,BR,1554275298,94,-8.76,-67.39,75.85520000000005,1.72
Anzhero-Sudzhensk,0,RU,1554273000,38,56.08,86.02,39.2,8.95
Pisco,0,PE,1554271200,88,-13.71,-76.2,69.8,4.7
Bandar-e Lengeh,75,IR,1554271200,42,26.56,54.88,82.4,8.99
Terney,56,RU,1554275299,67,45.05,136.61,38.2352,6.08
Mongo,0,CF,1554275299,81,4.83,22.92,76.84520000000008,3.06
Jining,24,CN,1554275299,53,35.41,116.58,67.66520000000004,4.63
Thunder Bay,5,CA,1554275062,67,48.41,-89.26,26.00600000000003,9.17
Wonthaggi,92,AU,1554275293,78,-38.6,145.59,66.99199999999999,5.53
Baruun-Urt,0,MN,1554275300,17,46.68,113.28,61.90520000000006,19.17
Ha Tinh,8,VN,1554275300,96,18.33,105.9,78.64520000000007,13.02
Ornskoldsvik,0,SE,1554272400,74,63.29,18.72,33.8,4.7
Carman,1,CA,1554275278,79,49.51,-98.0,26.6,5.82
Kieta,12,PG,1554275300,100,-6.22,155.63,78.55520000000006,3.96
Luwuk,80,ID,1554275301,91,-0.95,122.79,82.15520000000006,1.95
Novikovo,0,UA,1554275301,100,45.05,34.56,38.50520000000006,4.74
Coos Bay,75,US,1554275122,93,43.37,-124.22,53.99600000000005,4.7
Aklavik,20,CA,1554271200,76,68.22,-135.01,-9.399999999999949,5.82
Auki,0,NG,1554275301,26,12.18,6.51,75.31520000000003,11.68
Jaru,56,BR,1554275302,96,-10.43,-62.48,75.40520000000006,2.06
Chapais,90,CA,1554274380,92,49.78,-74.86,30.2,13.87
Yuci,0,CN,1554273000,19,37.68,112.73,68.0,6.71
Podyuga,0,RU,1554275302,88,61.09,40.86,27.79520000000008,7.2
Contai,0,IN,1554275302,82,21.78,87.75,86.65520000000006,14.7
Steenwijk,64,NL,1554275302,93,52.79,6.12,44.00600000000003,5.82
Ugoofaaru,0,MV,1554275303,100,5.67,73.0,83.77520000000001,1.95
Bethel,1,US,1554270960,80,60.79,-161.76,39.2,8.05
Weinan,0,CN,1554271200,30,34.5,109.46,71.6,8.95
Kudahuvadhoo,24,MV,1554275062,100,2.67,72.89,81.79520000000008,2.06
Ereymentau,48,KZ,1554275304,86,51.62,73.1,52.00520000000006,7.76
Purpe,76,RU,1554275304,93,64.48,76.69,25.635199999999998,14.47
Thinadhoo,76,MV,1554275278,100,0.53,72.93,82.60520000000005,4.85
Derzhavinsk,44,KZ,1554275305,78,51.1,66.31,46.69520000000008,14.14
Broome,48,GB,1554275257,91,52.47,1.45,37.004000000000055,2.95
Lafiagi,8,NG,1554275305,73,8.85,5.42,80.17520000000002,8.99
Ayan,80,TR,1554275305,78,40.67,33.6,35.71520000000004,3.29
Haines Junction,68,CA,1554275306,90,60.75,-137.51,27.79520000000008,3.06
Coxim,44,BR,1554275306,83,-18.5,-54.75,75.40520000000006,2.84
Butiama,0,TZ,1554275306,90,-1.77,33.97,68.92520000000002,3.74
Sambava,92,MG,1554275306,100,-14.27,50.17,82.42520000000002,10.0
Saint-Augustin,80,FR,1554275181,81,44.83,-0.61,44.99600000000005,10.29
Campoverde,40,IT,1554275044,66,41.54,12.73,57.992,6.93
Beloha,0,MG,1554275307,67,-25.17,45.06,78.55520000000006,4.63
Tullow,20,IE,1554275256,89,52.8,-6.74,39.992,10.29
Mount Isa,0,AU,1554273000,29,-20.73,139.49,87.8,13.87
Partur,0,IN,1554275308,24,19.59,76.21,101.77520000000001,6.76
Katherine,12,AU,1554273000,34,-14.47,132.26,95.0,13.87
Borogontsy,64,RU,1554275308,52,62.67,131.17,34.27520000000002,4.97
Huancabamba,92,PE,1554275308,91,-5.24,-79.45,59.56520000000004,2.17
Coffs Harbour,40,AU,1554275002,69,-30.3,153.13,77.0,11.41
Poum,20,MK,1554273000,66,41.28,20.71,48.2,2.24
Meihekou,0,CN,1554275309,50,42.54,125.69,53.0852,16.82
Raipur,0,IN,1554273000,27,21.24,81.63,98.6,6.93
Devonport,0,AU,1554274984,40,-41.18,146.36,64.00400000000005,8.99
Gat,0,SN,1554273000,82,14.69,-16.54,69.8,21.92
Yining,92,CN,1554275310,98,29.04,114.56,54.52520000000002,3.06
Strezhevoy,0,RU,1554273000,55,60.73,77.6,35.6,8.95
Rehoboth,12,NA,1554275310,61,-23.31,17.08,57.40520000000006,2.73
Aswan,0,EG,1554275107,40,24.09,32.9,69.10520000000005,5.19
Saint-Prosper,68,CA,1554274906,60,46.21,-70.48,35.99600000000005,1.99
Brasilia,40,BR,1554271200,83,-10.9,-37.55,80.6,4.7
Bubaque,64,GW,1554275311,96,11.28,-15.83,79.09520000000008,15.03
Beyneu,92,KZ,1554275311,98,45.32,55.19,44.805200000000056,20.85
Arman,8,RU,1554275311,72,59.7,150.17,39.1352,6.98
Warrington,75,GB,1554275303,86,53.39,-2.59,39.992,8.05
Sechura,20,PE,1554275016,82,-5.56,-80.82,71.80520000000006,8.32
Batagay-Alyta,80,RU,1554275312,89,67.8,130.41,23.385199999999998,4.07
Valparaiso,1,US,1554275244,69,41.47,-87.06,44.6,8.05
Urengoy,0,RU,1554275312,91,65.96,78.37,20.2352,12.68
Chimoio,75,MZ,1554271200,94,-19.11,33.48,68.0,6.93
Praia da Vitoria,75,PT,1554274893,71,38.73,-27.07,57.2,17.16
Norden,75,DE,1554275251,81,53.59,7.21,48.00200000000008,5.82
Filingue,0,NE,1554275313,27,14.35,3.32,75.40520000000006,12.24
Ape,12,EE,1554275314,66,57.54,26.69,35.17520000000002,12.12
Belaya Gora,0,RU,1554275314,93,68.54,146.19,19.60520000000006,4.18
Mgachi,0,RU,1554275314,78,51.05,142.27,31.125200000000017,8.21
Alamogordo,1,US,1554275081,26,32.9,-105.96,64.4,9.17
Faya,40,SA,1554271200,63,18.39,42.45,69.8,18.34
Apiai,88,BR,1554275315,94,-24.51,-48.84,66.1352,1.95
Mochudi,90,BW,1554271200,72,-24.38,26.15,66.2,10.29
Muromtsevo,88,RU,1554275315,76,56.37,75.24,39.04520000000008,3.51
San Quintin,32,PH,1554275315,90,17.54,120.52,81.34520000000008,2.73
Kursk,0,RU,1554274869,44,51.74,36.18,42.998000000000026,11.18
Lakes Entrance,48,AU,1554275007,73,-37.88,147.99,69.00800000000001,10.0
Pacific Grove,90,US,1554275299,100,36.62,-121.92,57.00200000000008,2.17
Mudgee,0,AU,1554274865,44,-32.6,149.59,77.0,4.7
Sokol,0,RU,1554275316,80,59.46,40.11,29.415200000000038,2.95
Kelme,0,LT,1554272400,48,55.63,22.93,41.0,13.87
Ongandjera,8,NA,1554275317,72,-17.88,15.07,67.39520000000007,2.62
Axim,24,GH,1554275299,100,4.87,-2.24,81.97520000000002,8.77
Charters Towers,88,AU,1554275317,71,-20.07,146.27,80.0852,11.45
Kumluca,92,TR,1554275317,96,36.37,30.29,42.46520000000004,0.83
Rogovskaya,0,RU,1554275318,70,45.73,38.74,45.435199999999995,7.43
Beyla,92,GN,1554275318,96,8.69,-8.65,67.57520000000002,6.76
Gizo,0,IL,1554275309,59,31.8,34.94,66.99199999999999,2.24
Lasa,20,CY,1554274826,72,34.92,32.53,62.6,4.7
Lethem,20,GY,1554275318,53,3.38,-59.8,84.1352,14.14
Hambantota,75,LK,1554271800,52,6.12,81.12,91.4,5.82
Eyl,76,SO,1554275319,95,7.98,49.82,79.72520000000002,4.74
Oussouye,0,SN,1554271200,77,12.49,-16.54,71.6,6.93
Mporokoso,24,ZM,1554275319,81,-9.37,30.12,69.19520000000009,9.78
Agucadoura,0,PT,1554275122,81,41.43,-8.78,50.0,5.82
San Pedro,64,AR,1554275181,96,-33.68,-59.66,67.84520000000008,11.23
Saint-Georges,76,CA,1554274906,60,46.12,-70.67,35.99600000000005,1.99
Gijon,75,ES,1554275146,93,43.54,-5.66,44.99600000000005,13.87
Ourinhos,92,BR,1554275322,76,-22.98,-49.87,70.90520000000006,2.95
Vilhena,32,BR,1554275322,94,-12.74,-60.15,72.4352,1.95
Strathmore,5,CA,1554275054,35,51.04,-113.4,33.998000000000026,18.34
Korcula,0,HR,1554273000,66,42.96,17.14,50.0,2.24
Porbandar,0,IN,1554269400,55,21.64,69.61,87.8,8.05
Santander,20,PH,1554271200,66,9.42,123.33,84.2,9.17
Atambua,88,ID,1554275323,98,-9.11,124.89,82.69520000000009,4.07
Vero Beach,20,US,1554275240,68,27.64,-80.4,69.8,11.41
Sergeyevka,88,KZ,1554275323,86,53.88,67.42,41.92520000000002,16.15
Saint-Francois,90,FR,1554274870,93,46.42,3.91,41.0,3.36
Meulaboh,0,ID,1554275324,100,4.14,96.13,85.12520000000002,3.96
Zhangjiakou,0,CN,1554275324,49,40.77,114.88,57.49520000000008,3.4
Morondava,0,MG,1554275324,85,-20.3,44.28,81.4352,3.18
Shenjiamen,92,CN,1554275324,91,29.96,122.3,55.15520000000006,9.22
San Angelo,1,US,1554274828,50,31.46,-100.44,57.2,9.17
Rio Grande City,90,US,1554275274,72,26.38,-98.82,66.2,6.93
Octeville,88,FR,1554273000,100,49.63,-1.64,39.2,4.7
Caucasia,92,CO,1554275325,93,7.98,-75.2,75.67520000000002,1.39
Brovst,75,DK,1554275104,75,57.1,9.52,44.99600000000005,17.22
Labuhan,64,ID,1554275326,68,-2.54,115.51,83.23519999999999,3.18
Moose Factory,75,CA,1554271200,64,51.26,-80.61,33.8,5.82
Roald,20,NO,1554275103,75,62.58,6.12,41.0,9.17
Santiago del Estero,20,AR,1554275099,89,-27.8,-64.26,69.2852,2.84
Porangatu,36,BR,1554275326,88,-13.44,-49.14,72.61520000000004,2.84
College,20,US,1554275045,49,64.86,-147.8,30.2,8.05
Diamantina,0,BR,1554275327,86,-18.24,-43.6,61.09520000000008,4.41
Tari,0,NG,1554275327,32,12.41,4.49,74.6852,9.78
Davila,75,PH,1554271200,59,18.47,120.58,89.6,9.17
Zhicheng,8,CN,1554275328,35,35.04,112.59,70.27520000000001,4.18
Reforma,20,MX,1554274815,41,24.02,-104.65,57.992,7.0
Kupang,75,ID,1554273000,74,-10.16,123.6,86.0,6.93
Palmer,0,AU,1554275226,24,-34.85,139.16,80.00600000000003,4.7
Eydhafushi,0,MV,1554275329,100,5.1,73.07,83.77520000000001,1.95
Vestmanna,75,FO,1554272520,86,62.16,-7.17,33.8,31.09
Pareora,12,NZ,1554274783,79,-44.49,171.21,53.00600000000003,5.86
Okmulgee,1,US,1554275306,58,35.62,-95.96,57.2,9.17
Andijan,12,UZ,1554273000,36,40.76,72.37,75.2,8.95
Bambanglipuro,64,ID,1554275330,93,-7.95,110.28,81.79520000000008,4.63
Palana,80,RU,1554275331,70,59.08,159.95,35.89520000000008,11.23
Luanda,75,AO,1554271200,88,-8.83,13.24,77.0,2.24
Colesberg,0,ZA,1554275331,75,-30.72,25.1,53.805200000000056,5.41
Sao Benedito do Rio Preto,92,BR,1554275331,97,-3.33,-43.53,75.1352,3.96
Ciceu-Giurgesti,0,RO,1554274800,33,47.25,24.02,51.998000000000026,6.93
Fjerritslev,44,DK,1554275104,80,57.08,9.27,44.99600000000005,5.01
Nizhniy Kuranakh,88,RU,1554275332,71,58.84,125.49,32.20520000000006,3.4
Qaqortoq,80,GL,1554270600,86,60.72,-46.03,28.4,17.22
La Ronge,5,CA,1554271200,56,55.1,-105.3,12.2,5.82
Nadym,8,RU,1554275333,90,65.53,72.51,26.445200000000078,12.46
Sangar,68,RU,1554275333,52,63.92,127.47,32.92520000000002,7.2
Ulaangom,0,MN,1554275333,70,49.98,92.07,47.95520000000006,2.51
Paris,75,FR,1554275305,80,48.86,2.35,42.008,3.36
Clive,1,US,1554275313,74,41.61,-93.78,41.0,4.7
Kiama,0,AU,1554275226,57,-34.67,150.86,75.2,10.29
Sibenik,68,HR,1554275334,55,45.81,17.18,51.37520000000002,4.18
Solnechnyy,8,RU,1554275334,60,50.72,136.64,37.60520000000006,3.62
Pedro II,92,BR,1554275334,94,-4.43,-41.45,71.89520000000007,4.07
Dhidhdhoo,80,MV,1554275335,100,6.88,73.1,83.77520000000001,0.72
Puerto Madryn,0,AR,1554275335,72,-42.77,-65.04,59.92520000000002,12.91
Fuerte Olimpo,80,BR,1554275335,76,-21.04,-57.87,79.45520000000006,6.98
Kenai,1,US,1554275279,64,60.55,-151.26,37.004000000000055,3.36
Katsuura,20,JP,1554275053,28,33.93,134.5,55.4,11.41
Aksu,0,KZ,1554273000,47,52.04,76.93,57.2,11.18
Pangnirtung,80,CA,1554275336,84,66.15,-65.72,1.8752000000000173,1.61
Gondanglegi,20,ID,1554275336,98,-7.75,112.01,81.07520000000002,3.29
Shingu,20,JP,1554271200,40,33.72,135.99,51.8,19.46
Aasiaat,76,GL,1554275337,78,68.71,-52.87,34.54520000000008,26.55
Kaseda,75,JP,1554273960,29,31.42,130.32,60.8,20.8
Teknaf,0,BD,1554275337,61,20.86,92.31,89.17520000000002,3.74
Tuy Hoa,24,VN,1554275337,72,13.08,109.3,85.12520000000002,9.1
Olga,1,US,1554275329,67,34.11,-118.17,60.998000000000026,4.7
Kotelnikovo,76,RU,1554275338,94,47.63,43.14,42.19520000000008,8.1
Las Cruces,90,CL,1554274800,93,-33.5,-71.62,57.2,5.82
Eresos,0,GR,1554275227,71,39.17,25.93,53.00600000000003,3.36
Cabra,40,ES,1554275301,100,37.47,-4.43,51.998000000000026,1.61
Zeya,64,RU,1554275339,43,53.74,127.27,35.62520000000002,3.74
Naze,12,NG,1554275340,94,5.43,7.07,74.23519999999999,4.97
Rondonopolis,44,BR,1554275340,84,-16.46,-54.64,75.40520000000006,2.51
